id;name;description;created_at;updated_at
1;usefully altruistic cheerful;while brightly elliptical;2026-04-01T05:51:39;2026-03-31T23:52:42
2;rigidly;ack;2026-04-01T01:02:08;2026-04-01T00:06:36
3;incidentally;ring oh;2026-03-31T13:22:52;2026-03-31T18:04:20
4;haul save;consequently;2026-04-01T03:22:14;2026-03-31T21:49:25
5;once accompany;ack;2026-04-01T07:06:07;2026-04-01T00:55:24
6;unless beside;although times;2026-03-31T09:04:28;2026-03-31T20:41:07
7;crackle beneath;doubtfully regularly bench;2026-04-01T06:23:40;2026-04-01T04:45:17
8;ack ew;incidentally or aggressive;2026-03-31T09:53:47;2026-03-31T09:29:54
9;well;kindly concerning ack;2026-03-31T14:45:42;2026-03-31T22:49:43
10;around;biodegradable;2026-04-01T05:34:28;2026-03-31T12:21:35
