id;username;password;created_at;updated_at
1;fooey duh out;as;2026-03-31T14:18:05;2026-04-01T01:28:11
2;expensive;quickly cantaloupe ew;2026-04-01T06:41:38;2026-03-31T21:10:33
3;vastly esteemed;appertain formal;2026-04-01T03:11:44;2026-04-01T04:35:12
4;hm;barring about;2026-03-31T12:36:25;2026-03-31T23:12:13
5;criminal suddenly present;well enormously;2026-04-01T02:18:07;2026-03-31T23:55:58
6;healthily powerfully painfully;hm;2026-03-31T12:13:27;2026-03-31T14:11:47
7;ick ha;however disposer lost;2026-03-31T16:58:03;2026-03-31T22:39:37
8;nudge zowie;tedious indeed oof;2026-04-01T01:24:14;2026-03-31T15:24:35
9;indeed;common near as;2026-03-31T18:08:22;2026-04-01T02:48:21
10;even lest;yuck insecure pish;2026-03-31T19:47:45;2026-03-31T17:50:55
